{"cameraMode":{"drawMode":0,"name":"Shaded","section":"Shading Mode"},"sceneLighting":false,"audioPlay":false,"sceneViewState":{"showFog":true,"showMaterialUpdate":false,"showSkybox":false,"showFlares":true,"showImageEffects":true,"showParticleSystems":true,"showVisualEffectGraphs":true,"m_FxEnabled":true},"in2DMode":false,"pivot":{"x":-0.28449782729148867,"y":-0.30382490158081057,"z":0.7556412220001221},"rotation":{"x":-0.7347922325134277,"y":0.0024869171902537348,"z":-0.0025999753270298244,"w":-0.6783626675605774},"size":2.788975715637207,"orthographic":false}