{"cameraMode":{"drawMode":0,"name":"Shaded","section":"Shading Mode"},"sceneLighting":false,"audioPlay":false,"sceneViewState":{"showFog":true,"showMaterialUpdate":false,"showSkybox":false,"showFlares":true,"showImageEffects":true,"showParticleSystems":true,"showVisualEffectGraphs":true,"m_FxEnabled":true},"in2DMode":false,"pivot":{"x":-0.07335180044174195,"y":-2.4309275150299074,"z":25.33074188232422},"rotation":{"x":-0.41351962089538576,"y":-0.004914129618555307,"z":0.00224498612806201,"w":-0.910511314868927},"size":2.9173660278320314,"orthographic":false}