{"cameraMode":{"drawMode":0,"name":"Shaded","section":"Shading Mode"},"sceneLighting":true,"audioPlay":false,"sceneViewState":{"showFog":true,"showMaterialUpdate":false,"showSkybox":false,"showFlares":true,"showImageEffects":true,"showParticleSystems":true,"showVisualEffectGraphs":true,"m_FxEnabled":true},"in2DMode":false,"pivot":{"x":471.65692138671877,"y":942.6320190429688,"z":226.8475341796875},"rotation":{"x":0.022189252078533174,"y":0.011081989854574204,"z":0.0003002438461408019,"w":-0.9997885227203369},"size":539.0711059570313,"orthographic":false}